<?xml version="1.0" encoding="UTF-8" standalone="no"?>
<project default="create_run_jar" name="Create Runnable Jar for Project Mumbler">
    <!--this file was created by Eclipse Runnable JAR Export Wizard-->
    <!--ANT 1.7 is required                                        -->
    <target name="create_run_jar">
        <jar destfile="/Users/yanlinwang/Dropbox/PL_group/MixinAnnoProcessor/Mumbler/mum.jar" filesetmanifest="mergewithoutmain">
            <manifest>
                <attribute name="Main-Class" value="mumbler.simple.SimpleMumblerMain2"/>
                <attribute name="Class-Path" value="."/>
            </manifest>
            <fileset dir="/Users/yanlinwang/Dropbox/PL_group/MixinAnnoProcessor/Mumbler/bin"/>
            <zipfileset excludes="META-INF/*.SF" src="/Users/yanlinwang/Dropbox/PL_group/MixinAnnoProcessor/Mumbler/lib/lombok.jar"/>
        </jar>
    </target>
</project>
