<ivy-module version="2.0">
	<info organisation="net.java.openjdk.custom" module="javac7" revision="1.7.0" publication="20110811230000">
		<license name="GNU General Public License v2 with Classpath Exception" url="http://openjdk.java.net/legal/gplv2+ce.html" />
		<description homepage="http://openjdk.java.net/" />
	</info>
	<configurations>
		<conf name="runtime" />
		<conf name="sources" />
	</configurations>
	<publications>
		<artifact conf="runtime" url="https://projectlombok.org/ivyrepo/langtools/javac-1.7.0.jar" />
		<artifact type="zip" conf="sources" url="https://projectlombok.org/ivyrepo/langtools/javac-1.7.0-sources.zip" />
	</publications>
</ivy-module>
