<ivy-module version="2.0">
	<info organisation="org.eclipse.custom" module="ecj" revision="4.3.1" publication="20140210214200">
		<license name="Eclipse Public Licence v1.0" url="http://www.eclipse.org/org/documents/epl-v10.php" />
		<description homepage="http://www.eclipse.org/eclipse/" />
	</info>
	<configurations>
		<conf name="default" />
		<conf name="sources" />
	</configurations>
	<publications>
		<artifact conf="default" url="https://projectlombok.org/ivyrepo/eclipse/ecj-4.3.1.jar" />
		<artifact type="zip" conf="sources" url="https://projectlombok.org/ivyrepo/eclipse/ecjsrc-4.3.1.zip" />
	</publications>
</ivy-module>
