<ivy-module version="2.0">
	<info organisation="org.eclipse.custom" module="equinox.common" revision="3.6.200" publication="20130402150500">
		<license name="Eclipse Public Licence v1.0" url="http://www.eclipse.org/org/documents/epl-v10.php" />
		<description homepage="http://www.eclipse.org/eclipse/" />
	</info>
	<configurations>
		<conf name="default" />
		<conf name="sources" />
	</configurations>
	<publications>
		<artifact conf="default" url="https://projectlombok.org/ivyrepo/eclipse/org.eclipse.equinox.common_3.6.200.v20130402-1505.jar" />
		<artifact type="zip" conf="sources" url="https://projectlombok.org/ivyrepo/eclipse/org.eclipse.equinox.common_3.6.200.v20130402-1505-sources.jar" />
	</publications>
</ivy-module>